{
  "version": 1,
  "author": "Caiua Utida",
  "editor": "wokwi",
  "parts": [
    { "type": "wokwi-breadboard", "id": "bb1", "top": -60.6, "left": -179.6, "attrs": {} },
    { "type": "wokwi-esp32-devkit-v1", "id": "esp", "top": 158.3, "left": 100.6, "attrs": {} },
    {
      "type": "wokwi-led",
      "id": "led2",
      "top": 25.2,
      "left": 349.4,
      "attrs": { "color": "green" }
    },
    {
      "type": "wokwi-hc-sr04",
      "id": "ultrasonic1",
      "top": -36.9,
      "left": 24.7,
      "attrs": { "distance": "176" }
    },
    {
      "type": "wokwi-resistor",
      "id": "r2",
      "top": 71.15,
      "left": 374.4,
      "attrs": { "value": "220000" }
    }
  ],
  "connections": [
    [ "esp:TX0", "$serialMonitor:RX", "", [] ],
    [ "esp:RX0", "$serialMonitor:TX", "", [] ],
    [ "bb1:bn.50", "esp:GND.1", "black", [ "v0" ] ],
    [ "bb1:bp.50", "esp:3V3", "red", [ "v0" ] ],
    [ "bb1:55b.h", "bb1:bn.45", "black", [ "v0" ] ],
    [ "bb1:62b.i", "esp:D4", "green", [ "v0" ] ],
    [ "bb1:30b.g", "bb1:bn.24", "black", [ "v0" ] ],
    [ "bb1:27b.g", "bb1:bp.21", "red", [ "v0" ] ],
    [ "bb1:28b.g", "esp:D25", "green", [ "v0" ] ],
    [ "bb1:29b.g", "esp:D26", "green", [ "v0" ] ],
    [ "led2:A", "bb1:56b.g", "", [ "$bb" ] ],
    [ "led2:C", "bb1:55b.g", "", [ "$bb" ] ],
    [ "ultrasonic1:VCC", "bb1:27b.f", "", [ "$bb" ] ],
    [ "ultrasonic1:TRIG", "bb1:28b.f", "", [ "$bb" ] ],
    [ "ultrasonic1:ECHO", "bb1:29b.f", "", [ "$bb" ] ],
    [ "ultrasonic1:GND", "bb1:30b.f", "", [ "$bb" ] ],
    [ "r2:1", "bb1:56b.h", "", [ "$bb" ] ],
    [ "r2:2", "bb1:62b.h", "", [ "$bb" ] ]
  ],
  "dependencies": {}
}